QuestionId,replication,concept_complexity,procedural_steps,abstraction_level,prerequisite_knowledge,distractor_plausibility,misconception_strength,question_clarity,cognitive_load,age_appropriateness,transfer_distance,visual_complexity,solution_uniqueness,classical_difficulty,irt_difficulty,irt_discrimination,guessing_probability,_extraction_success,_total_tags
27,0,3.0,3.0,4.0,3.0,6.0,7.0,9.0,4.0,9.0,3.0,2.0,6.0,0.3,-0.1,1.3,0.05,16,16
27,1,3.0,4.0,4.0,4.0,7.0,7.0,10.0,4.0,10.0,2.0,2.0,5.0,0.35,0.05,1.2,0.08,16,16
27,2,2.0,3.0,3.0,3.0,6.0,8.0,10.0,3.0,10.0,2.0,2.0,7.0,0.28,-0.15,1.35,0.03,16,16
27,3,3.0,3.0,4.0,4.0,5.0,8.0,9.0,4.0,9.0,3.0,2.0,6.0,0.32,-0.05,1.25,0.06,16,16
27,4,4.0,4.0,4.0,4.0,7.0,8.0,9.0,5.0,9.0,3.0,2.0,7.0,0.38,0.12,1.15,0.04,16,16
38,0,6.0,5.0,7.0,6.0,8.0,8.0,9.0,6.0,8.0,4.0,5.0,7.0,0.52,0.55,1.3,0.15,16,16
38,1,5.0,4.0,7.0,6.0,7.0,9.0,9.0,5.0,9.0,3.0,5.0,8.0,0.48,0.42,1.4,0.12,16,16
38,2,6.0,5.0,6.0,7.0,8.0,8.0,10.0,6.0,8.0,4.0,4.0,7.0,0.55,0.62,1.25,0.18,16,16
38,3,5.0,4.0,7.0,6.0,8.0,9.0,9.0,5.0,8.0,3.0,5.0,8.0,0.46,0.38,1.35,0.1,16,16
38,4,6.0,4.0,6.0,7.0,7.0,8.0,10.0,5.0,9.0,3.0,4.0,7.0,0.43,0.35,1.45,0.08,16,16
119,0,5.0,4.0,5.0,5.0,8.0,8.0,6.0,6.0,9.0,5.0,5.0,7.0,0.53,0.55,1.3,0.15,16,16
119,1,4.0,5.0,4.0,4.0,9.0,8.0,5.0,6.0,9.0,6.0,5.0,8.0,0.5,0.48,1.2,0.18,16,16
119,2,5.0,4.0,5.0,5.0,8.0,9.0,5.0,7.0,8.0,6.0,6.0,7.0,0.56,0.62,1.25,0.12,16,16
119,3,4.0,4.0,5.0,4.0,9.0,9.0,6.0,5.0,9.0,5.0,5.0,8.0,0.52,0.5,1.38,0.12,16,16
119,4,4.0,5.0,4.0,4.0,8.0,8.0,6.0,6.0,9.0,5.0,5.0,8.0,0.48,0.42,1.35,0.1,16,16
121,0,6.0,5.0,6.0,6.0,8.0,7.0,9.0,5.0,9.0,4.0,3.0,7.0,0.52,0.45,1.3,0.12,16,16
121,1,7.0,4.0,6.0,7.0,9.0,8.0,8.0,6.0,9.0,5.0,3.0,8.0,0.56,0.62,1.45,0.1,16,16
121,2,6.0,4.0,7.0,7.0,8.0,7.0,9.0,5.0,8.0,4.0,4.0,7.0,0.49,0.35,1.35,0.08,16,16
121,3,6.0,5.0,6.0,6.0,8.0,7.0,9.0,6.0,9.0,3.0,3.0,8.0,0.5,0.4,1.25,0.15,16,16
121,4,7.0,5.0,7.0,7.0,9.0,8.0,8.0,5.0,8.0,4.0,4.0,7.0,0.45,0.28,1.4,0.05,16,16
136,0,3.0,3.0,3.0,3.0,7.0,7.0,9.0,4.0,9.0,3.0,2.0,6.0,0.38,0.15,1.35,0.12,16,16
136,1,2.0,2.0,2.0,3.0,8.0,8.0,9.0,3.0,10.0,2.0,1.0,7.0,0.33,0.05,1.45,0.1,16,16
136,2,3.0,3.0,3.0,4.0,7.0,7.0,8.0,4.0,9.0,3.0,1.0,6.0,0.4,0.22,1.3,0.15,16,16
136,3,2.0,2.0,2.0,3.0,8.0,7.0,9.0,3.0,10.0,2.0,1.0,7.0,0.35,0.05,1.5,0.08,16,16
136,4,3.0,3.0,3.0,3.0,7.0,8.0,8.0,4.0,9.0,3.0,2.0,6.0,0.42,0.28,1.25,0.14,16,16
139,0,4.0,3.0,5.0,5.0,7.0,7.0,7.0,4.0,9.0,4.0,5.0,7.0,0.42,0.3,1.4,0.12,16,16
139,1,4.0,2.0,5.0,5.0,8.0,8.0,7.0,4.0,9.0,3.0,5.0,8.0,0.38,0.15,1.5,0.1,16,16
139,2,5.0,2.0,5.0,6.0,7.0,8.0,6.0,5.0,8.0,4.0,6.0,7.0,0.45,0.35,1.35,0.15,16,16
139,3,3.0,2.0,4.0,5.0,7.0,7.0,7.0,4.0,9.0,3.0,5.0,8.0,0.35,0.1,1.45,0.08,16,16
139,4,4.0,3.0,5.0,5.0,8.0,7.0,6.0,5.0,8.0,4.0,6.0,7.0,0.4,0.2,1.3,0.14,16,16
153,0,3.0,3.0,4.0,3.0,6.0,7.0,9.0,3.0,9.0,3.0,2.0,6.0,0.3,-0.05,1.35,0.05,16,16
153,1,3.0,4.0,4.0,4.0,7.0,7.0,10.0,4.0,9.0,2.0,2.0,7.0,0.28,-0.1,1.3,0.03,16,16
153,2,3.0,3.0,4.0,3.0,6.0,6.0,10.0,3.0,10.0,2.0,2.0,5.0,0.24,-0.2,1.2,0.04,16,16
153,3,4.0,4.0,5.0,4.0,7.0,7.0,9.0,4.0,9.0,3.0,2.0,6.0,0.32,0.1,1.25,0.06,16,16
153,4,3.0,3.0,4.0,3.0,7.0,8.0,10.0,3.0,10.0,2.0,2.0,7.0,0.26,-0.15,1.4,0.02,16,16
189,0,4.0,3.0,5.0,5.0,6.0,7.0,9.0,4.0,9.0,3.0,3.0,7.0,0.22,-0.15,1.45,0.05,16,16
189,1,4.0,3.0,5.0,5.0,6.0,6.0,9.0,4.0,9.0,3.0,3.0,7.0,0.22,-0.15,1.45,0.05,16,16
189,2,4.0,3.0,5.0,5.0,7.0,6.0,9.0,4.0,9.0,4.0,3.0,7.0,0.22,-0.15,1.45,0.05,16,16
189,3,5.0,4.0,6.0,5.0,7.0,6.0,9.0,5.0,9.0,4.0,3.0,7.0,0.28,0.15,1.35,0.08,16,16
189,4,5.0,4.0,6.0,5.0,6.0,5.0,9.0,5.0,9.0,4.0,3.0,7.0,0.22,0.05,1.45,0.05,16,16
195,0,5.0,5.0,5.0,5.0,7.0,7.0,9.0,5.0,9.0,4.0,4.0,6.0,0.42,0.3,1.25,0.1,16,16
195,1,5.0,5.0,5.0,6.0,6.0,7.0,9.0,6.0,9.0,4.0,4.0,7.0,0.4,0.25,1.15,0.08,16,16
195,2,5.0,5.0,5.0,6.0,7.0,6.0,9.0,6.0,8.0,3.0,5.0,6.0,0.38,0.2,1.3,0.12,16,16
195,3,6.0,5.0,5.0,6.0,8.0,7.0,9.0,6.0,9.0,4.0,5.0,7.0,0.47,0.4,1.2,0.15,16,16
195,4,5.0,4.0,5.0,5.0,7.0,7.0,10.0,5.0,9.0,3.0,4.0,6.0,0.35,0.15,1.35,0.05,16,16
202,0,3.0,3.0,3.0,4.0,6.0,6.0,9.0,3.0,9.0,2.0,4.0,5.0,0.22,-0.45,1.35,0.05,16,16
202,1,3.0,3.0,2.0,4.0,7.0,7.0,8.0,3.0,9.0,2.0,4.0,4.0,0.28,-0.2,1.25,0.08,16,16
202,2,2.0,2.0,2.0,3.0,5.0,5.0,9.0,2.0,10.0,1.0,4.0,5.0,0.18,-0.55,1.15,0.02,16,16
202,3,3.0,3.0,3.0,4.0,7.0,8.0,9.0,4.0,9.0,2.0,5.0,5.0,0.3,-0.05,1.3,0.1,16,16
202,4,3.0,2.0,3.0,4.0,6.0,6.0,8.0,3.0,10.0,2.0,4.0,5.0,0.25,-0.35,1.1,0.03,16,16
233,0,5.0,4.0,6.0,5.0,6.0,5.0,7.0,5.0,9.0,5.0,5.0,7.0,0.22,-0.1,1.4,0.05,16,16
233,1,5.0,4.0,6.0,5.0,7.0,7.0,7.0,5.0,8.0,5.0,5.0,7.0,0.35,0.15,1.35,0.1,16,16
233,2,5.0,4.0,6.0,5.0,7.0,6.0,8.0,5.0,9.0,5.0,5.0,7.0,0.38,0.25,1.35,0.1,16,16
233,3,5.0,4.0,6.0,5.0,6.0,6.0,8.0,5.0,9.0,4.0,5.0,7.0,0.25,-0.15,1.35,0.1,16,16
233,4,5.0,4.0,6.0,5.0,7.0,6.0,8.0,5.0,9.0,5.0,5.0,7.0,0.28,0.05,1.35,0.1,16,16
243,0,5.0,5.0,6.0,5.0,7.0,7.0,9.0,5.0,9.0,3.0,3.0,6.0,0.52,0.65,1.1,0.18,16,16
243,1,5.0,5.0,6.0,6.0,8.0,7.0,9.0,6.0,9.0,3.0,3.0,7.0,0.55,0.7,1.15,0.17,16,16
243,2,5.0,4.0,6.0,5.0,7.0,8.0,8.0,5.0,9.0,3.0,3.0,6.0,0.56,0.75,1.05,0.2,16,16
243,3,5.0,5.0,5.0,5.0,7.0,7.0,9.0,5.0,10.0,2.0,2.0,5.0,0.5,0.6,1.0,0.15,16,16
243,4,5.0,4.0,6.0,6.0,8.0,7.0,9.0,5.0,9.0,3.0,3.0,6.0,0.54,0.72,1.1,0.16,16,16
254,0,4.0,3.0,4.0,4.0,7.0,7.0,8.0,5.0,9.0,5.0,4.0,7.0,0.25,-0.15,1.45,0.1,16,16
254,1,4.0,4.0,4.0,5.0,7.0,7.0,8.0,5.0,9.0,5.0,3.0,7.0,0.3,0.15,1.35,0.1,16,16
254,2,4.0,4.0,4.0,4.0,7.0,7.0,8.0,5.0,9.0,5.0,3.0,7.0,0.25,-0.1,1.45,0.05,16,16
254,3,4.0,3.0,5.0,4.0,7.0,7.0,8.0,5.0,9.0,5.0,4.0,7.0,0.35,0.15,1.35,0.1,16,16
254,4,4.0,3.0,4.0,4.0,6.0,6.0,8.0,5.0,9.0,4.0,4.0,7.0,0.22,-0.15,1.35,0.05,16,16
285,0,6.0,5.0,8.0,6.0,6.0,7.0,9.0,6.0,7.0,5.0,4.0,7.0,0.55,0.62,1.2,0.15,16,16
285,1,7.0,5.0,8.0,7.0,5.0,7.0,9.0,6.0,7.0,6.0,4.0,8.0,0.5,0.5,1.15,0.12,16,16
285,2,7.0,4.0,9.0,7.0,5.0,6.0,8.0,7.0,6.0,5.0,3.0,7.0,0.6,0.75,1.1,0.18,16,16
285,3,6.0,4.0,8.0,6.0,6.0,7.0,9.0,5.0,7.0,6.0,3.0,8.0,0.48,0.45,1.25,0.1,16,16
285,4,7.0,5.0,8.0,7.0,6.0,8.0,9.0,6.0,6.0,5.0,4.0,7.0,0.52,0.55,1.3,0.2,16,16
290,0,6.0,6.0,6.0,6.0,8.0,7.0,7.0,7.0,8.0,6.0,5.0,7.0,0.52,0.48,1.25,0.15,16,16
290,1,7.0,7.0,7.0,6.0,8.0,8.0,6.0,7.0,8.0,7.0,4.0,8.0,0.56,0.55,1.15,0.18,16,16
290,2,6.0,6.0,7.0,5.0,7.0,7.0,7.0,6.0,9.0,6.0,4.0,7.0,0.49,0.38,1.2,0.12,16,16
290,3,7.0,7.0,7.0,6.0,8.0,8.0,7.0,7.0,8.0,7.0,4.0,8.0,0.54,0.6,1.3,0.16,16,16
290,4,6.0,6.0,6.0,5.0,7.0,7.0,8.0,6.0,9.0,5.0,3.0,7.0,0.5,0.45,1.35,0.14,16,16
304,0,3.0,2.0,3.0,3.0,6.0,7.0,9.0,2.0,9.0,2.0,2.0,8.0,0.2,-0.45,1.45,0.05,16,16
304,1,3.0,2.0,3.0,4.0,5.0,7.0,9.0,3.0,9.0,3.0,3.0,6.0,0.18,-0.6,1.45,0.05,16,16
304,2,3.0,2.0,3.0,3.0,5.0,6.0,9.0,2.0,9.0,3.0,2.0,7.0,0.18,-0.65,1.35,0.05,16,16
304,3,3.0,2.0,3.0,3.0,6.0,6.0,9.0,3.0,9.0,2.0,3.0,7.0,0.2,-0.45,1.4,0.05,16,16
304,4,3.0,1.0,2.0,3.0,5.0,7.0,10.0,2.0,10.0,2.0,2.0,8.0,0.18,-0.55,1.5,0.03,16,16
306,0,4.0,3.0,4.0,4.0,7.0,8.0,7.0,5.0,9.0,4.0,4.0,7.0,0.3,-0.1,1.35,0.05,16,16
306,1,3.0,2.0,5.0,4.0,8.0,8.0,8.0,5.0,10.0,3.0,3.0,8.0,0.27,-0.15,1.45,0.08,16,16
306,2,4.0,2.0,5.0,3.0,7.0,9.0,8.0,4.0,10.0,4.0,3.0,7.0,0.24,-0.25,1.5,0.03,16,16
306,3,4.0,3.0,4.0,4.0,8.0,8.0,7.0,5.0,9.0,5.0,4.0,6.0,0.35,0.05,1.3,0.1,16,16
306,4,3.0,2.0,5.0,4.0,8.0,9.0,8.0,4.0,10.0,4.0,3.0,8.0,0.28,-0.05,1.4,0.06,16,16
328,0,3.0,3.0,3.0,4.0,7.0,8.0,9.0,3.0,9.0,2.0,3.0,6.0,0.3,-0.1,1.35,0.05,16,16
328,1,3.0,3.0,4.0,4.0,7.0,9.0,10.0,3.0,10.0,2.0,3.0,5.0,0.28,-0.18,1.25,0.08,16,16
328,2,3.0,2.0,3.0,3.0,6.0,8.0,10.0,2.0,10.0,1.0,2.0,6.0,0.25,-0.25,1.45,0.03,16,16
328,3,4.0,3.0,4.0,4.0,8.0,9.0,9.0,3.0,9.0,2.0,3.0,7.0,0.35,0.05,1.4,0.05,16,16
328,4,3.0,3.0,3.0,5.0,7.0,8.0,10.0,3.0,10.0,2.0,2.0,6.0,0.33,0.0,1.3,0.07,16,16
329,0,5.0,4.0,5.0,5.0,7.0,7.0,7.0,6.0,9.0,5.0,4.0,7.0,0.38,0.15,1.35,0.1,16,16
329,1,4.0,5.0,5.0,4.0,6.0,8.0,6.0,6.0,9.0,4.0,3.0,6.0,0.33,0.05,1.4,0.08,16,16
329,2,4.0,4.0,4.0,5.0,7.0,7.0,7.0,5.0,10.0,5.0,4.0,7.0,0.35,0.1,1.45,0.05,16,16
329,3,5.0,5.0,5.0,4.0,8.0,7.0,6.0,6.0,9.0,6.0,3.0,8.0,0.4,0.22,1.3,0.12,16,16
329,4,4.0,4.0,4.0,4.0,7.0,8.0,7.0,5.0,9.0,4.0,3.0,6.0,0.3,-0.05,1.38,0.06,16,16
332,0,6.0,5.0,6.0,6.0,7.0,7.0,8.0,6.0,9.0,5.0,4.0,7.0,0.47,0.4,1.3,0.15,16,16
332,1,5.0,4.0,5.0,5.0,8.0,7.0,7.0,7.0,9.0,4.0,4.0,8.0,0.5,0.45,1.25,0.18,16,16
332,2,6.0,5.0,6.0,6.0,8.0,8.0,7.0,7.0,9.0,5.0,3.0,7.0,0.52,0.5,1.35,0.16,16,16
332,3,5.0,5.0,5.0,6.0,7.0,7.0,8.0,6.0,10.0,4.0,3.0,7.0,0.44,0.3,1.4,0.12,16,16
332,4,5.0,4.0,5.0,5.0,8.0,7.0,8.0,6.0,9.0,5.0,3.0,8.0,0.42,0.25,1.45,0.1,16,16
361,0,7.0,6.0,7.0,6.0,7.0,7.0,6.0,7.0,8.0,5.0,6.0,7.0,0.5,0.45,1.3,0.15,16,16
361,1,7.0,7.0,7.0,6.0,8.0,8.0,5.0,8.0,8.0,6.0,7.0,6.0,0.55,0.6,1.2,0.18,16,16
361,2,6.0,6.0,7.0,6.0,7.0,7.0,6.0,7.0,9.0,5.0,6.0,7.0,0.47,0.35,1.35,0.12,16,16
361,3,6.0,7.0,6.0,6.0,6.0,7.0,7.0,7.0,9.0,4.0,5.0,6.0,0.43,0.3,1.4,0.1,16,16
361,4,7.0,6.0,7.0,7.0,7.0,8.0,6.0,8.0,8.0,5.0,6.0,7.0,0.52,0.5,1.25,0.16,16,16
362,0,6.0,5.0,6.0,6.0,8.0,7.0,8.0,6.0,9.0,5.0,4.0,7.0,0.5,0.45,1.3,0.12,16,16
362,1,6.0,5.0,7.0,7.0,9.0,7.0,9.0,5.0,9.0,4.0,3.0,8.0,0.48,0.35,1.4,0.1,16,16
362,2,7.0,4.0,6.0,7.0,8.0,8.0,8.0,6.0,8.0,5.0,3.0,7.0,0.52,0.5,1.25,0.08,16,16
362,3,6.0,4.0,6.0,6.0,8.0,7.0,9.0,5.0,9.0,4.0,3.0,7.0,0.46,0.38,1.35,0.15,16,16
362,4,7.0,5.0,7.0,7.0,9.0,7.0,8.0,6.0,8.0,5.0,4.0,8.0,0.55,0.55,1.2,0.15,16,16
381,0,5.0,4.0,6.0,5.0,7.0,7.0,8.0,5.0,9.0,4.0,4.0,7.0,0.48,0.35,1.25,0.12,16,16
381,1,5.0,5.0,6.0,6.0,8.0,7.0,8.0,6.0,9.0,3.0,4.0,7.0,0.5,0.42,1.3,0.1,16,16
381,2,6.0,4.0,5.0,5.0,7.0,8.0,9.0,5.0,10.0,4.0,3.0,6.0,0.44,0.28,1.35,0.08,16,16
381,3,5.0,4.0,6.0,6.0,7.0,7.0,8.0,5.0,9.0,4.0,3.0,7.0,0.45,0.3,1.28,0.11,16,16
381,4,6.0,5.0,6.0,5.0,8.0,8.0,7.0,6.0,9.0,5.0,3.0,6.0,0.52,0.48,1.2,0.14,16,16
435,0,5.0,7.0,3.0,5.0,8.0,7.0,9.0,7.0,9.0,4.0,4.0,6.0,0.52,0.45,1.3,0.15,16,16
435,1,4.0,7.0,3.0,5.0,9.0,8.0,9.0,6.0,9.0,3.0,5.0,5.0,0.48,0.35,1.4,0.12,16,16
435,2,5.0,8.0,3.0,5.0,9.0,8.0,8.0,7.0,10.0,4.0,4.0,5.0,0.55,0.5,1.25,0.1,16,16
435,3,4.0,7.0,2.0,4.0,8.0,7.0,9.0,7.0,9.0,3.0,4.0,6.0,0.5,0.4,1.2,0.08,16,16
435,4,5.0,7.0,3.0,5.0,9.0,8.0,9.0,6.0,9.0,4.0,5.0,6.0,0.53,0.42,1.35,0.1,16,16
466,0,5.0,4.0,5.0,6.0,7.0,7.0,8.0,5.0,9.0,4.0,4.0,7.0,0.52,0.48,1.35,0.12,16,16
466,1,6.0,4.0,5.0,6.0,7.0,8.0,9.0,6.0,8.0,5.0,4.0,6.0,0.55,0.55,1.25,0.15,16,16
466,2,5.0,3.0,5.0,5.0,8.0,7.0,9.0,5.0,9.0,4.0,3.0,7.0,0.48,0.4,1.4,0.1,16,16
466,3,6.0,4.0,6.0,6.0,8.0,7.0,8.0,6.0,8.0,5.0,4.0,7.0,0.54,0.52,1.28,0.08,16,16
466,4,5.0,3.0,5.0,5.0,7.0,8.0,9.0,5.0,9.0,3.0,3.0,6.0,0.49,0.45,1.3,0.08,16,16
506,0,4.0,3.0,5.0,5.0,7.0,7.0,9.0,5.0,9.0,4.0,4.0,6.0,0.4,0.2,1.3,0.08,16,16
506,1,5.0,3.0,5.0,5.0,8.0,7.0,9.0,4.0,9.0,3.0,3.0,7.0,0.38,0.15,1.35,0.05,16,16
506,2,4.0,2.0,5.0,5.0,8.0,8.0,10.0,5.0,9.0,4.0,3.0,6.0,0.45,0.3,1.25,0.06,16,16
506,3,4.0,3.0,4.0,5.0,7.0,7.0,10.0,5.0,10.0,3.0,3.0,7.0,0.42,0.25,1.2,0.07,16,16
506,4,4.0,2.0,5.0,4.0,7.0,8.0,9.0,4.0,9.0,3.0,3.0,6.0,0.36,0.12,1.38,0.04,16,16
513,0,5.0,5.0,5.0,5.0,8.0,8.0,7.0,6.0,9.0,5.0,5.0,7.0,0.45,0.35,1.3,0.1,16,16
513,1,4.0,6.0,6.0,5.0,9.0,9.0,6.0,7.0,9.0,6.0,5.0,8.0,0.5,0.45,1.25,0.12,16,16
513,2,5.0,5.0,5.0,4.0,8.0,8.0,7.0,6.0,10.0,5.0,4.0,7.0,0.4,0.25,1.35,0.08,16,16
513,3,4.0,5.0,5.0,5.0,7.0,7.0,7.0,6.0,9.0,4.0,5.0,6.0,0.42,0.3,1.2,0.05,16,16
513,4,4.0,6.0,6.0,5.0,8.0,8.0,8.0,5.0,10.0,5.0,4.0,7.0,0.38,0.2,1.4,0.08,16,16
525,0,5.0,6.0,3.0,5.0,7.0,8.0,9.0,5.0,9.0,3.0,4.0,6.0,0.42,0.25,1.3,0.1,16,16
525,1,4.0,5.0,3.0,5.0,8.0,9.0,8.0,5.0,10.0,2.0,5.0,5.0,0.38,0.15,1.45,0.08,16,16
525,2,5.0,6.0,4.0,6.0,7.0,9.0,9.0,6.0,9.0,2.0,4.0,7.0,0.45,0.35,1.25,0.12,16,16
525,3,4.0,5.0,3.0,5.0,6.0,8.0,9.0,5.0,10.0,2.0,4.0,6.0,0.35,0.08,1.35,0.05,16,16
525,4,5.0,6.0,3.0,5.0,7.0,8.0,8.0,6.0,9.0,3.0,5.0,6.0,0.4,0.2,1.38,0.07,16,16
550,0,3.0,3.0,4.0,3.0,5.0,6.0,7.0,4.0,9.0,4.0,3.0,5.0,0.3,0.05,1.25,0.1,16,16
550,1,3.0,4.0,3.0,3.0,4.0,5.0,7.0,5.0,10.0,3.0,3.0,4.0,0.27,-0.1,1.35,0.08,16,16
550,2,3.0,3.0,4.0,3.0,4.0,4.0,6.0,4.0,9.0,4.0,3.0,4.0,0.22,-0.2,1.1,0.12,16,16
550,3,4.0,3.0,5.0,4.0,5.0,5.0,7.0,5.0,9.0,4.0,2.0,5.0,0.33,0.12,1.2,0.15,16,16
550,4,3.0,3.0,4.0,3.0,5.0,5.0,7.0,4.0,10.0,3.0,2.0,5.0,0.25,-0.05,1.3,0.07,16,16
556,0,2.0,1.0,4.0,3.0,6.0,7.0,7.0,2.0,9.0,4.0,4.0,7.0,0.2,-0.5,1.35,0.05,16,16
556,1,2.0,1.0,3.0,3.0,5.0,7.0,6.0,2.0,10.0,5.0,5.0,8.0,0.17,-0.65,1.25,0.03,16,16
556,2,3.0,1.0,4.0,3.0,6.0,8.0,6.0,3.0,9.0,5.0,5.0,7.0,0.22,-0.35,1.4,0.05,16,16
556,3,2.0,1.0,4.0,2.0,5.0,7.0,7.0,2.0,10.0,4.0,4.0,8.0,0.15,-0.7,1.3,0.02,16,16
556,4,2.0,1.0,3.0,3.0,6.0,7.0,7.0,2.0,9.0,5.0,4.0,7.0,0.19,-0.45,1.2,0.04,16,16
564,0,4.0,3.0,5.0,4.0,8.0,7.0,9.0,4.0,9.0,2.0,3.0,7.0,0.38,0.15,1.3,0.1,16,16
564,1,3.0,3.0,5.0,4.0,7.0,8.0,10.0,3.0,10.0,2.0,2.0,8.0,0.35,0.05,1.4,0.08,16,16
564,2,4.0,3.0,5.0,5.0,7.0,8.0,9.0,4.0,9.0,3.0,3.0,7.0,0.4,0.25,1.25,0.12,16,16
564,3,3.0,2.0,4.0,4.0,8.0,7.0,10.0,3.0,10.0,2.0,2.0,7.0,0.33,-0.05,1.35,0.05,16,16
564,4,4.0,3.0,5.0,5.0,8.0,8.0,9.0,4.0,9.0,3.0,2.0,8.0,0.42,0.3,1.2,0.15,16,16
644,0,4.0,2.0,5.0,5.0,7.0,7.0,7.0,4.0,9.0,4.0,5.0,8.0,0.4,0.25,1.35,0.1,16,16
644,1,3.0,2.0,4.0,5.0,8.0,8.0,7.0,3.0,9.0,3.0,5.0,9.0,0.38,0.18,1.3,0.08,16,16
644,2,4.0,2.0,5.0,5.0,7.0,8.0,6.0,4.0,9.0,4.0,6.0,8.0,0.43,0.3,1.4,0.12,16,16
644,3,3.0,1.0,4.0,4.0,7.0,8.0,6.0,3.0,9.0,5.0,6.0,9.0,0.45,0.35,1.25,0.15,16,16
644,4,4.0,2.0,5.0,5.0,8.0,7.0,7.0,3.0,10.0,4.0,5.0,8.0,0.37,0.15,1.45,0.05,16,16
655,0,5.0,4.0,5.0,5.0,7.0,7.0,8.0,5.0,9.0,4.0,3.0,7.0,0.45,0.35,1.3,0.15,16,16
655,1,5.0,3.0,5.0,5.0,8.0,8.0,7.0,5.0,9.0,4.0,3.0,6.0,0.42,0.3,1.35,0.12,16,16
655,2,6.0,4.0,5.0,6.0,8.0,8.0,8.0,6.0,9.0,5.0,3.0,7.0,0.5,0.45,1.25,0.18,16,16
655,3,5.0,3.0,4.0,5.0,8.0,7.0,8.0,5.0,10.0,3.0,3.0,6.0,0.47,0.38,1.2,0.17,16,16
655,4,6.0,4.0,5.0,6.0,7.0,8.0,7.0,6.0,9.0,5.0,4.0,7.0,0.52,0.5,1.15,0.15,16,16
689,0,5.0,3.0,6.0,5.0,7.0,7.0,9.0,5.0,8.0,5.0,3.0,7.0,0.5,0.4,1.2,0.1,16,16
689,1,6.0,3.0,6.0,5.0,8.0,8.0,9.0,5.0,8.0,4.0,3.0,7.0,0.55,0.5,1.3,0.12,16,16
689,2,5.0,4.0,5.0,5.0,7.0,7.0,10.0,6.0,9.0,5.0,2.0,8.0,0.48,0.35,1.15,0.08,16,16
689,3,6.0,3.0,6.0,6.0,8.0,7.0,9.0,5.0,8.0,5.0,3.0,7.0,0.52,0.45,1.1,0.15,16,16
689,4,5.0,3.0,5.0,5.0,7.0,6.0,10.0,5.0,9.0,4.0,2.0,8.0,0.45,0.3,1.25,0.05,16,16
695,0,3.0,3.0,2.0,3.0,7.0,7.0,9.0,3.0,9.0,2.0,2.0,7.0,0.12,-0.35,1.45,0.0,16,16
695,1,3.0,3.0,2.0,3.0,6.0,8.0,10.0,3.0,10.0,2.0,2.0,7.0,0.11,-0.4,1.55,0.0,16,16
695,2,2.0,3.0,2.0,3.0,7.0,8.0,10.0,3.0,10.0,1.0,1.0,7.0,0.15,-0.2,1.5,0.0,16,16
695,3,3.0,3.0,2.0,3.0,6.0,7.0,10.0,2.0,10.0,1.0,1.0,8.0,0.13,-0.3,1.4,0.0,16,16
695,4,3.0,3.0,2.0,4.0,7.0,8.0,9.0,3.0,9.0,2.0,2.0,6.0,0.18,-0.15,1.35,0.02,16,16
698,0,5.0,3.0,5.0,5.0,7.0,7.0,7.0,4.0,9.0,3.0,5.0,7.0,0.43,0.3,1.25,0.15,16,16
698,1,5.0,3.0,6.0,6.0,8.0,8.0,7.0,5.0,9.0,3.0,4.0,6.0,0.5,0.45,1.3,0.18,16,16
698,2,4.0,3.0,5.0,5.0,8.0,7.0,8.0,4.0,10.0,2.0,4.0,7.0,0.45,0.35,1.15,0.12,16,16
698,3,6.0,3.0,6.0,6.0,7.0,8.0,8.0,5.0,8.0,3.0,5.0,8.0,0.52,0.5,1.2,0.1,16,16
698,4,5.0,2.0,4.0,5.0,7.0,7.0,8.0,4.0,9.0,2.0,5.0,7.0,0.38,0.2,1.35,0.14,16,16
728,0,5.0,6.0,4.0,5.0,7.0,8.0,8.0,7.0,9.0,5.0,5.0,6.0,0.35,0.1,1.3,0.1,16,16
728,1,5.0,7.0,4.0,5.0,6.0,8.0,7.0,7.0,9.0,4.0,5.0,7.0,0.3,-0.05,1.4,0.08,16,16
728,2,6.0,7.0,5.0,5.0,7.0,7.0,8.0,8.0,9.0,5.0,6.0,6.0,0.38,0.18,1.25,0.12,16,16
728,3,4.0,7.0,4.0,4.0,6.0,8.0,8.0,6.0,10.0,4.0,5.0,5.0,0.28,-0.1,1.35,0.05,16,16
728,4,5.0,6.0,4.0,5.0,7.0,7.0,8.0,7.0,10.0,4.0,5.0,6.0,0.32,0.05,1.35,0.08,16,16
746,0,3.0,3.0,2.0,3.0,7.0,7.0,9.0,3.0,9.0,2.0,3.0,7.0,0.2,-0.18,1.45,0.05,16,16
746,1,3.0,3.0,2.0,3.0,6.0,8.0,10.0,3.0,10.0,2.0,2.0,8.0,0.15,-0.35,1.55,0.02,16,16
746,2,2.0,3.0,2.0,3.0,7.0,7.0,9.0,4.0,10.0,2.0,2.0,7.0,0.18,-0.1,1.4,0.03,16,16
746,3,3.0,3.0,2.0,4.0,8.0,7.0,9.0,4.0,9.0,3.0,3.0,6.0,0.22,-0.05,1.3,0.04,16,16
746,4,3.0,3.0,2.0,3.0,6.0,6.0,10.0,3.0,10.0,2.0,2.0,7.0,0.16,-0.3,1.5,0.01,16,16
787,0,6.0,6.0,6.0,5.0,8.0,8.0,7.0,7.0,9.0,5.0,4.0,7.0,0.6,0.72,1.18,0.15,16,16
787,1,5.0,5.0,5.0,5.0,9.0,8.0,7.0,7.0,9.0,6.0,3.0,8.0,0.55,0.6,1.3,0.12,16,16
787,2,5.0,6.0,6.0,5.0,8.0,9.0,8.0,7.0,9.0,5.0,4.0,8.0,0.58,0.65,1.25,0.1,16,16
787,3,6.0,5.0,6.0,5.0,9.0,8.0,7.0,8.0,9.0,6.0,3.0,7.0,0.62,0.75,1.1,0.18,16,16
787,4,5.0,5.0,5.0,5.0,8.0,8.0,8.0,6.0,10.0,5.0,3.0,7.0,0.52,0.5,1.35,0.14,16,16
789,0,3.0,3.0,3.0,3.0,7.0,7.0,9.0,3.0,9.0,2.0,3.0,5.0,0.28,-0.15,1.35,0.05,16,16
789,1,3.0,4.0,3.0,3.0,8.0,8.0,9.0,3.0,10.0,2.0,3.0,6.0,0.33,0.05,1.45,0.08,16,16
789,2,2.0,3.0,2.0,3.0,6.0,6.0,10.0,2.0,10.0,1.0,3.0,5.0,0.22,-0.35,1.25,0.03,16,16
789,3,3.0,3.0,3.0,4.0,7.0,7.0,10.0,3.0,9.0,2.0,2.0,6.0,0.25,-0.25,1.4,0.05,16,16
789,4,3.0,4.0,3.0,3.0,7.0,7.0,9.0,3.0,10.0,2.0,3.0,5.0,0.3,-0.1,1.38,0.06,16,16
829,0,5.0,5.0,6.0,5.0,8.0,7.0,9.0,5.0,9.0,3.0,4.0,7.0,0.4,0.25,1.3,0.1,16,16
829,1,4.0,5.0,5.0,5.0,7.0,8.0,10.0,5.0,10.0,2.0,3.0,7.0,0.35,0.15,1.4,0.08,16,16
829,2,5.0,6.0,6.0,6.0,8.0,7.0,9.0,6.0,9.0,3.0,4.0,6.0,0.42,0.3,1.25,0.12,16,16
829,3,5.0,5.0,5.0,5.0,8.0,8.0,10.0,5.0,10.0,2.0,3.0,7.0,0.45,0.35,1.35,0.1,16,16
829,4,4.0,5.0,6.0,5.0,7.0,8.0,10.0,5.0,10.0,2.0,3.0,8.0,0.44,0.28,1.45,0.05,16,16
830,0,5.0,5.0,5.0,5.0,7.0,6.0,7.0,6.0,9.0,4.0,5.0,6.0,0.45,0.35,1.3,0.1,16,16
830,1,6.0,5.0,5.0,6.0,8.0,7.0,6.0,6.0,8.0,5.0,5.0,7.0,0.5,0.48,1.35,0.12,16,16
830,2,5.0,5.0,4.0,5.0,7.0,7.0,7.0,5.0,9.0,4.0,4.0,6.0,0.4,0.25,1.25,0.08,16,16
830,3,6.0,6.0,5.0,6.0,8.0,6.0,7.0,7.0,8.0,5.0,5.0,7.0,0.52,0.55,1.4,0.15,16,16
830,4,5.0,5.0,4.0,5.0,7.0,6.0,8.0,5.0,9.0,3.0,4.0,6.0,0.42,0.3,1.2,0.08,16,16
840,0,5.0,5.0,5.0,5.0,6.0,7.0,7.0,6.0,9.0,5.0,4.0,7.0,0.45,0.3,1.25,0.12,16,16
840,1,5.0,6.0,5.0,6.0,7.0,8.0,7.0,7.0,9.0,5.0,4.0,6.0,0.5,0.42,1.2,0.15,16,16
840,2,6.0,5.0,5.0,5.0,7.0,7.0,6.0,7.0,9.0,6.0,4.0,7.0,0.52,0.48,1.15,0.13,16,16
840,3,5.0,5.0,5.0,5.0,6.0,7.0,7.0,6.0,9.0,5.0,3.0,7.0,0.42,0.2,1.3,0.1,16,16
840,4,5.0,6.0,5.0,5.0,7.0,7.0,7.0,7.0,9.0,5.0,4.0,7.0,0.47,0.35,1.2,0.12,16,16
859,0,4.0,5.0,5.0,5.0,6.0,7.0,9.0,5.0,9.0,3.0,3.0,7.0,0.4,0.3,1.25,0.08,16,16
859,1,5.0,5.0,5.0,5.0,7.0,7.0,10.0,5.0,10.0,2.0,2.0,7.0,0.42,0.35,1.3,0.05,16,16
859,2,4.0,6.0,5.0,5.0,6.0,6.0,9.0,6.0,9.0,3.0,3.0,8.0,0.38,0.25,1.35,0.06,16,16
859,3,4.0,5.0,5.0,4.0,7.0,7.0,10.0,4.0,10.0,2.0,2.0,7.0,0.37,0.22,1.2,0.1,16,16
859,4,5.0,6.0,6.0,5.0,7.0,8.0,9.0,5.0,9.0,3.0,2.0,6.0,0.45,0.4,1.15,0.12,16,16
865,0,7.0,5.0,7.0,7.0,8.0,7.0,7.0,7.0,8.0,6.0,6.0,7.0,0.52,0.45,1.3,0.18,16,16
865,1,7.0,4.0,8.0,7.0,8.0,8.0,6.0,7.0,8.0,5.0,7.0,8.0,0.55,0.55,1.25,0.15,16,16
865,2,6.0,5.0,7.0,7.0,7.0,7.0,7.0,6.0,9.0,5.0,6.0,7.0,0.48,0.35,1.15,0.2,16,16
865,3,7.0,4.0,7.0,8.0,7.0,7.0,7.0,6.0,8.0,6.0,5.0,8.0,0.5,0.4,1.2,0.22,16,16
865,4,8.0,5.0,8.0,8.0,9.0,8.0,6.0,7.0,8.0,6.0,6.0,8.0,0.58,0.6,1.35,0.16,16,16
867,0,5.0,5.0,6.0,5.0,8.0,7.0,9.0,5.0,9.0,3.0,3.0,7.0,0.5,0.4,1.3,0.12,16,16
867,1,5.0,4.0,6.0,6.0,8.0,8.0,9.0,5.0,9.0,3.0,3.0,8.0,0.52,0.45,1.35,0.1,16,16
867,2,4.0,4.0,5.0,5.0,9.0,7.0,10.0,4.0,10.0,2.0,2.0,7.0,0.48,0.35,1.4,0.08,16,16
867,3,5.0,5.0,6.0,6.0,9.0,8.0,9.0,5.0,9.0,3.0,3.0,8.0,0.55,0.5,1.25,0.1,16,16
867,4,5.0,4.0,5.0,5.0,8.0,7.0,10.0,4.0,10.0,2.0,2.0,7.0,0.45,0.3,1.35,0.08,16,16
888,0,5.0,5.0,6.0,5.0,8.0,7.0,9.0,5.0,9.0,3.0,4.0,7.0,0.4,0.25,1.35,0.12,16,16
888,1,5.0,6.0,6.0,5.0,8.0,8.0,10.0,6.0,9.0,2.0,4.0,7.0,0.42,0.3,1.4,0.1,16,16
888,2,5.0,5.0,5.0,5.0,7.0,8.0,10.0,5.0,10.0,2.0,3.0,6.0,0.38,0.18,1.3,0.08,16,16
888,3,5.0,6.0,6.0,6.0,7.0,7.0,9.0,6.0,9.0,2.0,3.0,7.0,0.45,0.35,1.45,0.1,16,16
888,4,4.0,5.0,5.0,5.0,7.0,8.0,10.0,5.0,10.0,2.0,3.0,8.0,0.43,0.32,1.5,0.08,16,16
899,0,3.0,2.0,3.0,3.0,6.0,7.0,9.0,3.0,9.0,3.0,3.0,7.0,0.18,-0.5,1.45,0.05,16,16
899,1,3.0,1.0,4.0,3.0,7.0,8.0,10.0,2.0,10.0,2.0,2.0,8.0,0.22,-0.35,1.55,0.03,16,16
899,2,2.0,1.0,3.0,3.0,7.0,8.0,9.0,2.0,10.0,2.0,3.0,8.0,0.25,-0.2,1.5,0.05,16,16
899,3,2.0,1.0,3.0,2.0,6.0,7.0,10.0,2.0,10.0,2.0,2.0,7.0,0.12,-0.7,1.35,0.02,16,16
899,4,3.0,1.0,4.0,3.0,7.0,7.0,9.0,3.0,10.0,3.0,2.0,8.0,0.2,-0.4,1.4,0.04,16,16
919,0,4.0,3.0,4.0,4.0,7.0,7.0,8.0,4.0,9.0,3.0,4.0,6.0,0.35,0.1,1.35,0.1,16,16
919,1,5.0,3.0,4.0,5.0,8.0,7.0,8.0,5.0,9.0,3.0,4.0,7.0,0.38,0.18,1.3,0.08,16,16
919,2,4.0,3.0,3.0,4.0,7.0,8.0,9.0,4.0,9.0,4.0,5.0,6.0,0.3,0.05,1.4,0.05,16,16
919,3,5.0,3.0,4.0,5.0,8.0,7.0,8.0,5.0,8.0,3.0,4.0,7.0,0.35,0.12,1.25,0.07,16,16
919,4,4.0,3.0,3.0,4.0,8.0,8.0,9.0,4.0,9.0,2.0,4.0,6.0,0.32,0.15,1.3,0.06,16,16
934,0,3.0,3.0,4.0,4.0,6.0,7.0,7.0,4.0,9.0,4.0,5.0,6.0,0.28,-0.15,1.3,0.05,16,16
934,1,4.0,3.0,4.0,5.0,7.0,6.0,6.0,5.0,9.0,5.0,5.0,5.0,0.32,-0.05,1.25,0.08,16,16
934,2,4.0,3.0,5.0,5.0,6.0,7.0,6.0,5.0,10.0,4.0,6.0,6.0,0.25,-0.2,1.15,0.04,16,16
934,3,4.0,2.0,4.0,4.0,7.0,7.0,7.0,4.0,9.0,5.0,5.0,5.0,0.22,-0.3,1.35,0.03,16,16
934,4,3.0,3.0,5.0,5.0,7.0,6.0,7.0,4.0,9.0,5.0,6.0,6.0,0.3,0.0,1.2,0.05,16,16
935,0,5.0,4.0,5.0,6.0,7.0,7.0,8.0,5.0,9.0,5.0,3.0,6.0,0.45,0.35,1.25,0.1,16,16
935,1,5.0,4.0,5.0,6.0,6.0,8.0,7.0,5.0,8.0,4.0,3.0,7.0,0.42,0.28,1.3,0.08,16,16
935,2,6.0,5.0,5.0,6.0,7.0,7.0,8.0,6.0,9.0,5.0,3.0,7.0,0.4,0.2,1.35,0.07,16,16
935,3,5.0,4.0,6.0,5.0,7.0,8.0,7.0,5.0,9.0,4.0,2.0,6.0,0.38,0.25,1.2,0.12,16,16
935,4,6.0,4.0,6.0,7.0,7.0,7.0,7.0,6.0,8.0,5.0,3.0,6.0,0.48,0.4,1.15,0.1,16,16
986,0,6.0,6.0,6.0,6.0,8.0,7.0,7.0,7.0,9.0,5.0,5.0,7.0,0.62,0.85,1.2,0.18,16,16
986,1,7.0,5.0,5.0,6.0,8.0,8.0,7.0,7.0,8.0,6.0,4.0,8.0,0.58,0.7,1.15,0.15,16,16
986,2,6.0,6.0,6.0,5.0,7.0,7.0,8.0,7.0,9.0,5.0,4.0,8.0,0.55,0.6,1.25,0.12,16,16
986,3,7.0,6.0,6.0,6.0,9.0,7.0,7.0,8.0,8.0,6.0,5.0,8.0,0.65,0.95,1.3,0.1,16,16
986,4,6.0,5.0,5.0,6.0,8.0,8.0,8.0,7.0,9.0,5.0,4.0,7.0,0.6,0.75,1.18,0.14,16,16
1032,0,3.0,2.0,2.0,3.0,8.0,8.0,10.0,2.0,10.0,2.0,1.0,7.0,0.22,-0.4,1.45,0.05,16,16
1032,1,2.0,2.0,2.0,3.0,7.0,9.0,10.0,2.0,10.0,1.0,1.0,8.0,0.25,-0.3,1.55,0.03,16,16
1032,2,2.0,2.0,1.0,3.0,7.0,8.0,10.0,1.0,10.0,1.0,1.0,7.0,0.15,-0.5,1.6,0.02,16,16
1032,3,3.0,2.0,2.0,3.0,8.0,9.0,10.0,2.0,10.0,2.0,1.0,8.0,0.18,-0.45,1.5,0.04,16,16
1032,4,2.0,2.0,2.0,2.0,7.0,8.0,10.0,2.0,10.0,1.0,1.0,7.0,0.2,-0.35,1.48,0.03,16,16
1035,0,4.0,3.0,5.0,4.0,7.0,7.0,9.0,4.0,9.0,3.0,3.0,7.0,0.42,0.3,1.35,0.12,16,16
1035,1,3.0,2.0,5.0,4.0,8.0,8.0,9.0,3.0,9.0,3.0,2.0,6.0,0.45,0.35,1.4,0.1,16,16
1035,2,3.0,2.0,4.0,3.0,7.0,7.0,10.0,3.0,10.0,2.0,2.0,7.0,0.37,0.18,1.45,0.08,16,16
1035,3,4.0,3.0,5.0,4.0,8.0,8.0,8.0,4.0,9.0,4.0,3.0,6.0,0.48,0.4,1.25,0.13,16,16
1035,4,3.0,2.0,4.0,3.0,7.0,7.0,9.0,3.0,10.0,2.0,2.0,7.0,0.35,0.15,1.5,0.05,16,16
1053,0,5.0,4.0,6.0,5.0,7.0,7.0,9.0,5.0,9.0,3.0,3.0,6.0,0.45,0.35,1.35,0.15,16,16
1053,1,5.0,5.0,6.0,6.0,8.0,7.0,9.0,5.0,9.0,2.0,3.0,7.0,0.42,0.3,1.4,0.12,16,16
1053,2,5.0,4.0,6.0,5.0,8.0,8.0,10.0,5.0,9.0,2.0,2.0,6.0,0.48,0.42,1.3,0.18,16,16
1053,3,5.0,4.0,5.0,6.0,7.0,7.0,9.0,4.0,10.0,2.0,2.0,5.0,0.4,0.25,1.45,0.1,16,16
1053,4,6.0,5.0,6.0,6.0,8.0,8.0,9.0,6.0,9.0,3.0,3.0,7.0,0.5,0.48,1.25,0.2,16,16
1055,0,4.0,5.0,4.0,4.0,7.0,8.0,8.0,5.0,9.0,3.0,4.0,6.0,0.4,0.15,1.3,0.1,16,16
1055,1,3.0,4.0,3.0,5.0,8.0,9.0,7.0,4.0,10.0,4.0,3.0,7.0,0.35,0.05,1.25,0.08,16,16
1055,2,4.0,5.0,4.0,5.0,7.0,8.0,7.0,5.0,9.0,4.0,4.0,7.0,0.38,0.1,1.35,0.05,16,16
1055,3,3.0,4.0,3.0,4.0,6.0,8.0,8.0,4.0,10.0,3.0,3.0,5.0,0.3,-0.05,1.4,0.12,16,16
1055,4,4.0,5.0,4.0,5.0,8.0,9.0,8.0,5.0,9.0,3.0,4.0,6.0,0.42,0.22,1.2,0.15,16,16
1130,0,5.0,6.0,5.0,5.0,7.0,7.0,7.0,6.0,9.0,4.0,5.0,6.0,0.42,0.3,1.25,0.12,16,16
1130,1,6.0,5.0,4.0,6.0,6.0,8.0,7.0,5.0,9.0,5.0,4.0,7.0,0.38,0.18,1.35,0.1,16,16
1130,2,5.0,6.0,5.0,5.0,7.0,7.0,6.0,6.0,9.0,4.0,5.0,5.0,0.35,0.1,1.15,0.08,16,16
1130,3,6.0,6.0,5.0,6.0,7.0,6.0,7.0,6.0,10.0,5.0,4.0,6.0,0.4,0.22,1.2,0.15,16,16
1130,4,5.0,5.0,4.0,5.0,8.0,7.0,8.0,5.0,10.0,3.0,4.0,5.0,0.33,0.05,1.3,0.1,16,16
1150,0,6.0,5.0,7.0,6.0,7.0,7.0,9.0,6.0,8.0,4.0,4.0,7.0,0.52,0.45,1.3,0.15,16,16
1150,1,6.0,4.0,7.0,6.0,8.0,7.0,9.0,5.0,8.0,3.0,5.0,8.0,0.48,0.35,1.4,0.12,16,16
1150,2,7.0,5.0,7.0,7.0,8.0,8.0,9.0,6.0,8.0,4.0,5.0,7.0,0.55,0.6,1.25,0.18,16,16
1150,3,7.0,5.0,8.0,7.0,7.0,7.0,10.0,6.0,7.0,5.0,4.0,8.0,0.58,0.7,1.2,0.16,16,16
1150,4,6.0,4.0,8.0,6.0,7.0,6.0,10.0,5.0,7.0,4.0,4.0,7.0,0.5,0.42,1.35,0.1,16,16
1165,0,3.0,2.0,4.0,4.0,7.0,7.0,7.0,3.0,9.0,3.0,5.0,8.0,0.38,0.25,1.35,0.1,16,16
1165,1,3.0,2.0,5.0,4.0,8.0,8.0,6.0,3.0,9.0,4.0,6.0,7.0,0.35,0.18,1.3,0.08,16,16
1165,2,4.0,2.0,5.0,5.0,8.0,8.0,6.0,4.0,9.0,4.0,6.0,7.0,0.43,0.35,1.4,0.12,16,16
1165,3,3.0,1.0,4.0,4.0,7.0,7.0,7.0,2.0,10.0,3.0,5.0,8.0,0.32,0.1,1.25,0.05,16,16
1165,4,4.0,2.0,5.0,5.0,7.0,8.0,7.0,3.0,9.0,4.0,5.0,8.0,0.4,0.3,1.45,0.1,16,16
1191,0,4.0,5.0,5.0,5.0,6.0,7.0,9.0,5.0,9.0,3.0,3.0,7.0,0.39,0.15,1.25,0.08,16,16
1191,1,5.0,6.0,5.0,5.0,5.0,6.0,10.0,5.0,9.0,3.0,3.0,6.0,0.42,0.25,1.15,0.1,16,16
1191,2,4.0,5.0,5.0,4.0,5.0,6.0,10.0,4.0,10.0,2.0,2.0,5.0,0.35,0.05,1.2,0.05,16,16
1191,3,4.0,5.0,4.0,5.0,5.0,7.0,9.0,4.0,10.0,2.0,3.0,4.0,0.33,0.0,1.1,0.12,16,16
1191,4,5.0,5.0,5.0,5.0,6.0,7.0,9.0,5.0,9.0,3.0,3.0,5.0,0.4,0.18,1.22,0.1,16,16
1195,0,3.0,2.0,3.0,3.0,7.0,7.0,10.0,2.0,9.0,2.0,2.0,7.0,0.22,-0.4,1.3,0.05,16,16
1195,1,3.0,2.0,2.0,4.0,8.0,8.0,10.0,3.0,10.0,2.0,2.0,8.0,0.27,-0.2,1.45,0.04,16,16
1195,2,3.0,2.0,3.0,3.0,7.0,7.0,10.0,2.0,10.0,1.0,1.0,7.0,0.19,-0.45,1.35,0.03,16,16
1195,3,4.0,2.0,3.0,4.0,8.0,8.0,10.0,3.0,10.0,2.0,2.0,8.0,0.25,-0.15,1.5,0.05,16,16
1195,4,3.0,2.0,2.0,3.0,7.0,7.0,10.0,2.0,10.0,2.0,1.0,7.0,0.23,-0.3,1.25,0.04,16,16
1202,0,3.0,3.0,4.0,4.0,7.0,7.0,9.0,4.0,9.0,4.0,3.0,7.0,0.32,0.05,1.35,0.05,16,16
1202,1,4.0,3.0,4.0,5.0,7.0,8.0,8.0,4.0,9.0,5.0,3.0,6.0,0.38,0.18,1.28,0.08,16,16
1202,2,3.0,2.0,4.0,4.0,6.0,7.0,9.0,3.0,10.0,3.0,2.0,7.0,0.28,-0.1,1.42,0.03,16,16
1202,3,4.0,3.0,5.0,5.0,8.0,8.0,8.0,4.0,9.0,4.0,3.0,7.0,0.35,0.15,1.3,0.06,16,16
1202,4,3.0,2.0,4.0,4.0,7.0,7.0,9.0,3.0,10.0,4.0,2.0,6.0,0.3,0.0,1.25,0.04,16,16
1229,0,5.0,3.0,5.0,5.0,8.0,8.0,7.0,4.0,8.0,6.0,3.0,7.0,0.5,0.38,1.35,0.08,16,16
1229,1,4.0,2.0,5.0,5.0,9.0,9.0,7.0,4.0,9.0,5.0,3.0,8.0,0.52,0.45,1.2,0.06,16,16
1229,2,5.0,2.0,4.0,4.0,9.0,9.0,8.0,3.0,9.0,6.0,2.0,8.0,0.55,0.6,1.3,0.05,16,16
1229,3,4.0,2.0,5.0,5.0,8.0,8.0,8.0,3.0,8.0,5.0,2.0,7.0,0.48,0.35,1.4,0.1,16,16
1229,4,5.0,3.0,4.0,5.0,8.0,9.0,7.0,4.0,8.0,6.0,3.0,7.0,0.46,0.3,1.15,0.12,16,16
1286,0,8.0,7.0,9.0,8.0,8.0,7.0,7.0,8.0,6.0,7.0,7.0,8.0,0.72,1.3,1.1,0.2,16,16
1286,1,7.0,6.0,9.0,7.0,9.0,6.0,7.0,8.0,5.0,6.0,8.0,9.0,0.68,1.15,1.05,0.22,16,16
1286,2,8.0,7.0,8.0,8.0,8.0,7.0,6.0,9.0,5.0,7.0,7.0,8.0,0.75,1.4,1.2,0.18,16,16
1286,3,7.0,6.0,8.0,7.0,8.0,6.0,7.0,7.0,6.0,6.0,7.0,7.0,0.7,1.2,1.15,0.2,16,16
1286,4,8.0,6.0,9.0,8.0,9.0,7.0,7.0,8.0,5.0,7.0,8.0,8.0,0.66,1.1,0.95,0.23,16,16
1287,0,4.0,4.0,4.0,4.0,6.0,7.0,6.0,5.0,9.0,5.0,7.0,6.0,0.33,0.1,1.25,0.1,16,16
1287,1,5.0,4.0,3.0,5.0,7.0,7.0,5.0,6.0,9.0,6.0,7.0,5.0,0.38,0.22,1.3,0.12,16,16
1287,2,4.0,3.0,3.0,4.0,7.0,6.0,6.0,5.0,10.0,5.0,6.0,6.0,0.28,-0.05,1.35,0.08,16,16
1287,3,4.0,4.0,3.0,4.0,6.0,7.0,5.0,6.0,9.0,5.0,7.0,5.0,0.32,0.05,1.2,0.1,16,16
1287,4,4.0,3.0,3.0,5.0,7.0,7.0,6.0,5.0,10.0,4.0,6.0,6.0,0.3,0.0,1.28,0.08,16,16
1310,0,4.0,3.0,4.0,4.0,6.0,7.0,8.0,5.0,9.0,3.0,5.0,7.0,0.3,0.05,1.35,0.1,16,16
1310,1,5.0,2.0,3.0,4.0,7.0,8.0,7.0,6.0,9.0,4.0,6.0,6.0,0.28,-0.05,1.2,0.12,16,16
1310,2,4.0,2.0,3.0,5.0,7.0,7.0,8.0,6.0,10.0,3.0,6.0,7.0,0.35,0.18,1.4,0.08,16,16
1310,3,4.0,2.0,3.0,4.0,6.0,7.0,9.0,5.0,9.0,3.0,5.0,8.0,0.24,-0.12,1.45,0.05,16,16
1310,4,5.0,3.0,4.0,5.0,7.0,8.0,8.0,6.0,9.0,4.0,6.0,7.0,0.32,0.1,1.3,0.1,16,16
1343,0,3.0,3.0,2.0,3.0,7.0,8.0,9.0,4.0,9.0,2.0,2.0,7.0,0.22,-0.15,1.45,0.05,16,16
1343,1,2.0,3.0,2.0,3.0,8.0,8.0,10.0,3.0,10.0,2.0,2.0,8.0,0.18,-0.3,1.55,0.03,16,16
1343,2,3.0,3.0,2.0,3.0,7.0,7.0,10.0,3.0,10.0,2.0,1.0,7.0,0.25,-0.05,1.4,0.05,16,16
1343,3,2.0,4.0,2.0,3.0,6.0,8.0,10.0,4.0,10.0,1.0,2.0,8.0,0.17,-0.35,1.6,0.02,16,16
1343,4,3.0,3.0,2.0,4.0,7.0,8.0,9.0,3.0,9.0,2.0,2.0,7.0,0.2,-0.2,1.5,0.04,16,16
1351,0,2.0,2.0,3.0,3.0,6.0,7.0,9.0,2.0,9.0,2.0,2.0,7.0,0.19,-0.6,1.35,0.02,16,16
1351,1,2.0,2.0,3.0,3.0,5.0,7.0,10.0,3.0,10.0,2.0,2.0,6.0,0.17,-0.68,1.3,0.0,16,16
1351,2,2.0,2.0,3.0,3.0,6.0,6.0,9.0,2.0,9.0,2.0,1.0,7.0,0.18,-0.65,1.4,0.0,16,16
1351,3,2.0,2.0,4.0,3.0,5.0,7.0,10.0,3.0,10.0,1.0,2.0,6.0,0.2,-0.55,1.25,0.01,16,16
1351,4,3.0,2.0,3.0,4.0,6.0,6.0,10.0,2.0,10.0,2.0,2.0,7.0,0.16,-0.72,1.45,0.0,16,16
1373,0,4.0,3.0,5.0,4.0,8.0,7.0,9.0,5.0,9.0,3.0,3.0,7.0,0.4,0.25,1.35,0.1,16,16
1373,1,3.0,3.0,4.0,4.0,7.0,8.0,10.0,4.0,10.0,2.0,2.0,8.0,0.45,0.35,1.45,0.12,16,16
1373,2,4.0,2.0,5.0,5.0,9.0,8.0,10.0,4.0,10.0,2.0,2.0,6.0,0.38,0.15,1.3,0.08,16,16
1373,3,4.0,3.0,5.0,5.0,8.0,7.0,9.0,5.0,9.0,3.0,3.0,7.0,0.43,0.3,1.4,0.15,16,16
1373,4,3.0,3.0,4.0,4.0,8.0,7.0,10.0,4.0,10.0,2.0,2.0,7.0,0.35,0.1,1.5,0.05,16,16
1383,0,3.0,3.0,4.0,4.0,6.0,7.0,9.0,3.0,9.0,3.0,2.0,6.0,0.35,0.1,1.35,0.1,16,16
1383,1,4.0,3.0,4.0,4.0,7.0,7.0,9.0,4.0,9.0,3.0,2.0,7.0,0.4,0.25,1.3,0.12,16,16
1383,2,3.0,2.0,3.0,3.0,7.0,6.0,10.0,3.0,10.0,2.0,2.0,7.0,0.33,0.05,1.45,0.08,16,16
1383,3,4.0,3.0,4.0,4.0,7.0,6.0,9.0,4.0,9.0,3.0,2.0,6.0,0.38,0.18,1.25,0.15,16,16
1383,4,4.0,3.0,4.0,5.0,8.0,7.0,9.0,4.0,9.0,3.0,2.0,7.0,0.42,0.3,1.2,0.14,16,16
1385,0,4.0,5.0,3.0,4.0,7.0,8.0,9.0,5.0,9.0,3.0,4.0,5.0,0.38,0.15,1.3,0.1,16,16
1385,1,3.0,6.0,3.0,5.0,8.0,9.0,10.0,6.0,9.0,4.0,4.0,4.0,0.35,0.05,1.45,0.08,16,16
1385,2,4.0,5.0,2.0,4.0,8.0,8.0,10.0,6.0,10.0,3.0,3.0,5.0,0.42,0.25,1.35,0.12,16,16
1385,3,3.0,5.0,2.0,4.0,7.0,9.0,10.0,5.0,10.0,2.0,3.0,4.0,0.33,-0.05,1.25,0.05,16,16
1385,4,4.0,6.0,3.0,5.0,8.0,8.0,9.0,6.0,9.0,4.0,4.0,5.0,0.4,0.2,1.4,0.1,16,16
1386,0,3.0,2.0,5.0,4.0,6.0,7.0,9.0,3.0,9.0,3.0,4.0,6.0,0.25,-0.2,1.35,0.05,16,16
1386,1,4.0,2.0,5.0,5.0,7.0,8.0,8.0,3.0,9.0,3.0,5.0,5.0,0.3,-0.05,1.2,0.08,16,16
1386,2,3.0,1.0,5.0,4.0,5.0,7.0,9.0,2.0,9.0,2.0,4.0,7.0,0.2,-0.35,1.45,0.02,16,16
1386,3,4.0,2.0,6.0,5.0,7.0,7.0,8.0,4.0,8.0,4.0,5.0,5.0,0.35,0.1,1.15,0.1,16,16
1386,4,3.0,2.0,5.0,4.0,6.0,7.0,9.0,3.0,9.0,3.0,4.0,6.0,0.28,-0.1,1.3,0.05,16,16
1390,0,4.0,3.0,4.0,4.0,7.0,7.0,9.0,4.0,9.0,3.0,3.0,7.0,0.25,0.05,1.4,0.05,16,16
1390,1,4.0,4.0,3.0,5.0,8.0,7.0,9.0,5.0,9.0,3.0,4.0,8.0,0.22,-0.1,1.5,0.02,16,16
1390,2,5.0,4.0,4.0,5.0,7.0,8.0,10.0,5.0,9.0,2.0,3.0,7.0,0.28,0.1,1.35,0.03,16,16
1390,3,4.0,3.0,3.0,4.0,7.0,7.0,10.0,4.0,10.0,2.0,3.0,7.0,0.21,-0.05,1.45,0.04,16,16
1390,4,4.0,4.0,4.0,5.0,8.0,8.0,9.0,5.0,9.0,3.0,3.0,8.0,0.23,0.0,1.38,0.05,16,16
1402,0,3.0,2.0,5.0,4.0,6.0,7.0,8.0,3.0,9.0,4.0,2.0,7.0,0.2,-0.35,1.4,0.05,16,16
1402,1,3.0,1.0,5.0,4.0,7.0,7.0,8.0,4.0,9.0,5.0,2.0,8.0,0.18,-0.2,1.5,0.03,16,16
1402,2,3.0,2.0,4.0,3.0,6.0,6.0,7.0,4.0,10.0,5.0,2.0,7.0,0.22,-0.1,1.3,0.05,16,16
1402,3,4.0,2.0,5.0,4.0,7.0,7.0,7.0,4.0,9.0,5.0,3.0,7.0,0.25,0.05,1.25,0.04,16,16
1402,4,3.0,1.0,5.0,4.0,6.0,7.0,8.0,3.0,9.0,4.0,2.0,8.0,0.16,-0.3,1.35,0.02,16,16
1427,0,2.0,1.0,3.0,2.0,5.0,7.0,7.0,2.0,9.0,3.0,4.0,8.0,0.13,-0.85,1.35,0.02,16,16
1427,1,2.0,1.0,3.0,3.0,4.0,6.0,6.0,2.0,10.0,4.0,5.0,7.0,0.15,-0.65,1.25,0.03,16,16
1427,2,2.0,1.0,4.0,3.0,5.0,7.0,7.0,3.0,9.0,4.0,5.0,8.0,0.16,-0.55,1.4,0.01,16,16
1427,3,1.0,1.0,3.0,2.0,4.0,6.0,7.0,2.0,10.0,3.0,4.0,7.0,0.11,-0.95,1.15,0.0,16,16
1427,4,2.0,1.0,3.0,3.0,5.0,7.0,7.0,2.0,10.0,3.0,4.0,8.0,0.14,-0.72,1.3,0.02,16,16
1430,0,2.0,1.0,3.0,2.0,6.0,7.0,10.0,1.0,9.0,1.0,3.0,5.0,0.18,-0.8,1.35,0.05,16,16
1430,1,2.0,1.0,3.0,3.0,5.0,6.0,10.0,2.0,8.0,1.0,3.0,4.0,0.13,-1.05,1.5,0.02,16,16
1430,2,2.0,1.0,4.0,3.0,7.0,7.0,9.0,2.0,9.0,2.0,4.0,5.0,0.22,-0.55,1.25,0.08,16,16
1430,3,2.0,2.0,3.0,2.0,6.0,8.0,10.0,1.0,10.0,1.0,3.0,6.0,0.19,-0.7,1.4,0.03,16,16
1430,4,3.0,1.0,4.0,3.0,7.0,8.0,10.0,2.0,10.0,2.0,3.0,5.0,0.25,-0.45,1.15,0.1,16,16
1449,0,4.0,3.0,3.0,4.0,7.0,8.0,9.0,4.0,9.0,2.0,3.0,7.0,0.22,-0.05,1.42,0.03,16,16
1449,1,4.0,3.0,3.0,5.0,6.0,7.0,9.0,5.0,9.0,2.0,3.0,7.0,0.25,0.0,1.38,0.05,16,16
1449,2,5.0,3.0,3.0,5.0,7.0,8.0,10.0,5.0,10.0,2.0,2.0,6.0,0.3,0.15,1.3,0.02,16,16
1449,3,4.0,3.0,3.0,4.0,7.0,7.0,9.0,4.0,10.0,2.0,3.0,8.0,0.18,-0.15,1.5,0.02,16,16
1449,4,4.0,3.0,4.0,5.0,7.0,8.0,10.0,5.0,9.0,3.0,2.0,7.0,0.2,-0.1,1.35,0.01,16,16
1455,0,4.0,3.0,5.0,4.0,7.0,7.0,8.0,5.0,9.0,4.0,3.0,7.0,0.32,0.05,1.35,0.05,16,16
1455,1,5.0,3.0,6.0,5.0,7.0,8.0,8.0,5.0,9.0,5.0,3.0,7.0,0.36,0.15,1.3,0.08,16,16
1455,2,4.0,3.0,5.0,4.0,6.0,7.0,9.0,4.0,10.0,3.0,3.0,8.0,0.27,-0.1,1.45,0.03,16,16
1455,3,4.0,2.0,5.0,4.0,7.0,7.0,9.0,5.0,9.0,4.0,4.0,7.0,0.35,0.12,1.25,0.06,16,16
1455,4,5.0,3.0,6.0,5.0,8.0,8.0,8.0,5.0,9.0,4.0,3.0,7.0,0.3,0.0,1.4,0.04,16,16
1463,0,7.0,5.0,7.0,8.0,7.0,7.0,5.0,7.0,7.0,6.0,6.0,7.0,0.6,0.75,1.2,0.18,16,16
1463,1,7.0,4.0,8.0,8.0,6.0,6.0,4.0,7.0,7.0,7.0,5.0,6.0,0.55,0.62,1.1,0.2,16,16
1463,2,8.0,4.0,7.0,9.0,6.0,7.0,5.0,6.0,6.0,6.0,5.0,8.0,0.62,0.85,1.3,0.22,16,16
1463,3,7.0,4.0,7.0,8.0,7.0,6.0,5.0,6.0,7.0,5.0,5.0,7.0,0.57,0.7,1.15,0.19,16,16
1463,4,7.0,3.0,7.0,8.0,7.0,7.0,6.0,6.0,6.0,5.0,6.0,7.0,0.52,0.55,1.25,0.15,16,16
1465,0,3.0,3.0,2.0,3.0,7.0,8.0,9.0,4.0,9.0,2.0,2.0,7.0,0.18,-0.25,1.45,0.05,16,16
1465,1,3.0,3.0,2.0,3.0,7.0,7.0,10.0,3.0,10.0,2.0,2.0,7.0,0.15,-0.35,1.5,0.03,16,16
1465,2,4.0,3.0,2.0,4.0,8.0,8.0,9.0,4.0,9.0,2.0,2.0,6.0,0.22,-0.05,1.35,0.08,16,16
1465,3,3.0,2.0,2.0,3.0,7.0,8.0,10.0,3.0,10.0,1.0,1.0,7.0,0.17,-0.2,1.4,0.04,16,16
1465,4,3.0,3.0,2.0,3.0,8.0,7.0,10.0,4.0,10.0,2.0,2.0,6.0,0.2,-0.15,1.48,0.05,16,16
1491,0,4.0,3.0,4.0,4.0,7.0,7.0,9.0,4.0,9.0,3.0,2.0,7.0,0.43,0.3,1.35,0.1,16,16
1491,1,3.0,3.0,3.0,4.0,8.0,8.0,10.0,3.0,9.0,2.0,2.0,6.0,0.38,0.18,1.4,0.08,16,16
1491,2,4.0,4.0,4.0,5.0,8.0,8.0,10.0,5.0,8.0,3.0,2.0,7.0,0.48,0.42,1.3,0.12,16,16
1491,3,3.0,3.0,4.0,4.0,7.0,7.0,10.0,3.0,9.0,2.0,1.0,8.0,0.42,0.22,1.45,0.07,16,16
1491,4,4.0,2.0,5.0,4.0,7.0,8.0,10.0,3.0,9.0,3.0,1.0,7.0,0.4,0.15,1.5,0.06,16,16
1493,0,3.0,2.0,3.0,4.0,6.0,7.0,9.0,2.0,9.0,3.0,3.0,8.0,0.15,-0.5,1.45,0.05,16,16
1493,1,3.0,1.0,4.0,4.0,5.0,7.0,9.0,3.0,10.0,2.0,3.0,9.0,0.18,-0.35,1.5,0.03,16,16
1493,2,4.0,1.0,4.0,5.0,6.0,6.0,8.0,3.0,9.0,4.0,3.0,8.0,0.2,-0.25,1.35,0.05,16,16
1493,3,3.0,1.0,3.0,4.0,7.0,7.0,9.0,2.0,10.0,3.0,2.0,7.0,0.22,-0.2,1.3,0.08,16,16
1493,4,4.0,2.0,4.0,5.0,6.0,6.0,9.0,2.0,9.0,3.0,4.0,8.0,0.17,-0.38,1.4,0.04,16,16
1508,0,3.0,3.0,2.0,3.0,7.0,8.0,9.0,3.0,9.0,2.0,2.0,7.0,0.2,-0.15,1.4,0.05,16,16
1508,1,2.0,3.0,2.0,3.0,8.0,8.0,10.0,3.0,10.0,2.0,1.0,8.0,0.18,-0.25,1.5,0.02,16,16
1508,2,2.0,2.0,2.0,3.0,7.0,7.0,10.0,2.0,10.0,1.0,1.0,7.0,0.22,-0.05,1.35,0.08,16,16
1508,3,2.0,2.0,2.0,2.0,7.0,8.0,10.0,2.0,10.0,1.0,1.0,8.0,0.15,-0.4,1.55,0.03,16,16
1508,4,3.0,3.0,2.0,3.0,8.0,8.0,9.0,3.0,10.0,2.0,1.0,7.0,0.25,0.0,1.3,0.05,16,16
1526,0,5.0,5.0,4.0,5.0,8.0,8.0,8.0,5.0,9.0,3.0,4.0,7.0,0.4,0.2,1.35,0.08,16,16
1526,1,4.0,5.0,3.0,5.0,7.0,9.0,7.0,5.0,10.0,4.0,4.0,8.0,0.35,0.05,1.45,0.05,16,16
1526,2,5.0,4.0,4.0,5.0,8.0,9.0,8.0,4.0,9.0,3.0,3.0,7.0,0.45,0.35,1.3,0.1,16,16
1526,3,4.0,5.0,3.0,4.0,7.0,8.0,9.0,4.0,10.0,2.0,3.0,8.0,0.33,0.1,1.4,0.04,16,16
1526,4,4.0,4.0,3.0,5.0,7.0,8.0,8.0,4.0,10.0,3.0,4.0,7.0,0.38,0.15,1.25,0.06,16,16
1540,0,5.0,5.0,4.0,5.0,7.0,7.0,8.0,5.0,9.0,3.0,5.0,6.0,0.42,0.3,1.35,0.12,16,16
1540,1,4.0,6.0,4.0,5.0,8.0,8.0,7.0,6.0,9.0,3.0,4.0,5.0,0.48,0.45,1.25,0.15,16,16
1540,2,4.0,5.0,3.0,4.0,7.0,7.0,8.0,5.0,10.0,2.0,4.0,5.0,0.37,0.15,1.4,0.08,16,16
1540,3,5.0,5.0,4.0,5.0,7.0,8.0,8.0,6.0,9.0,3.0,5.0,4.0,0.44,0.35,1.45,0.1,16,16
1540,4,4.0,6.0,3.0,5.0,8.0,8.0,7.0,6.0,9.0,2.0,5.0,6.0,0.5,0.5,1.3,0.14,16,16
1545,0,4.0,4.0,3.0,4.0,6.0,8.0,7.0,5.0,9.0,4.0,4.0,7.0,0.28,-0.05,1.35,0.05,16,16
1545,1,3.0,5.0,4.0,4.0,7.0,8.0,7.0,5.0,9.0,3.0,4.0,8.0,0.33,0.1,1.45,0.08,16,16
1545,2,3.0,4.0,3.0,3.0,7.0,9.0,6.0,5.0,10.0,3.0,3.0,6.0,0.22,-0.2,1.2,0.06,16,16
1545,3,4.0,5.0,4.0,4.0,7.0,8.0,6.0,6.0,9.0,4.0,4.0,6.0,0.3,0.05,1.25,0.1,16,16
1545,4,4.0,5.0,3.0,4.0,8.0,9.0,7.0,5.0,9.0,4.0,3.0,7.0,0.35,0.15,1.4,0.04,16,16
1561,0,3.0,3.0,4.0,4.0,7.0,7.0,9.0,4.0,9.0,3.0,2.0,6.0,0.32,0.05,1.3,0.05,16,16
1561,1,3.0,3.0,4.0,4.0,8.0,7.0,10.0,4.0,9.0,2.0,2.0,7.0,0.35,0.15,1.25,0.08,16,16
1561,2,3.0,4.0,4.0,4.0,8.0,6.0,10.0,4.0,10.0,3.0,2.0,6.0,0.3,0.0,1.2,0.04,16,16
1561,3,4.0,4.0,4.0,5.0,7.0,6.0,9.0,5.0,9.0,3.0,2.0,7.0,0.28,-0.1,1.35,0.06,16,16
1561,4,3.0,3.0,5.0,4.0,7.0,7.0,9.0,4.0,10.0,2.0,2.0,6.0,0.33,0.1,1.28,0.07,16,16
1599,0,3.0,2.0,5.0,4.0,5.0,5.0,8.0,3.0,9.0,3.0,4.0,7.0,0.22,-0.45,1.35,0.05,16,16
1599,1,3.0,1.0,6.0,4.0,6.0,6.0,9.0,3.0,9.0,3.0,4.0,8.0,0.18,-0.58,1.45,0.03,16,16
1599,2,4.0,2.0,5.0,5.0,5.0,5.0,8.0,4.0,8.0,4.0,5.0,7.0,0.25,-0.3,1.25,0.08,16,16
1599,3,3.0,1.0,5.0,4.0,4.0,5.0,9.0,3.0,9.0,2.0,4.0,7.0,0.2,-0.5,1.3,0.05,16,16
1599,4,4.0,2.0,6.0,5.0,6.0,6.0,8.0,4.0,8.0,4.0,5.0,6.0,0.28,-0.18,1.2,0.07,16,16
1607,0,5.0,4.0,5.0,5.0,6.0,8.0,7.0,6.0,9.0,5.0,4.0,6.0,0.4,0.18,1.3,0.1,16,16
1607,1,4.0,4.0,5.0,5.0,7.0,8.0,7.0,5.0,9.0,6.0,4.0,7.0,0.35,0.05,1.35,0.08,16,16
1607,2,5.0,5.0,5.0,5.0,6.0,7.0,6.0,6.0,9.0,5.0,5.0,7.0,0.38,0.12,1.25,0.12,16,16
1607,3,4.0,4.0,4.0,4.0,7.0,8.0,7.0,5.0,10.0,6.0,3.0,6.0,0.33,0.02,1.2,0.05,16,16
1607,4,5.0,5.0,5.0,5.0,7.0,7.0,6.0,6.0,9.0,6.0,4.0,7.0,0.42,0.25,1.18,0.1,16,16
1615,0,5.0,4.0,6.0,5.0,7.0,7.0,8.0,5.0,9.0,4.0,4.0,7.0,0.33,0.1,1.35,0.05,16,16
1615,1,5.0,3.0,6.0,5.0,7.0,8.0,9.0,5.0,10.0,3.0,5.0,6.0,0.35,0.15,1.3,0.08,16,16
1615,2,4.0,3.0,5.0,4.0,6.0,7.0,9.0,4.0,10.0,3.0,4.0,7.0,0.29,-0.05,1.45,0.03,16,16
1615,3,4.0,3.0,6.0,5.0,7.0,6.0,8.0,5.0,9.0,4.0,4.0,6.0,0.25,-0.15,1.4,0.04,16,16
1615,4,5.0,4.0,6.0,5.0,8.0,7.0,8.0,5.0,9.0,4.0,5.0,7.0,0.3,0.02,1.28,0.06,16,16
1622,0,4.0,3.0,4.0,4.0,6.0,6.0,7.0,4.0,9.0,4.0,5.0,6.0,0.27,-0.1,1.25,0.08,16,16
1622,1,4.0,3.0,4.0,5.0,5.0,5.0,7.0,4.0,9.0,4.0,5.0,6.0,0.23,-0.25,1.35,0.05,16,16
1622,2,3.0,3.0,3.0,4.0,6.0,6.0,6.0,4.0,9.0,5.0,5.0,5.0,0.2,-0.35,1.3,0.04,16,16
1622,3,4.0,3.0,4.0,5.0,5.0,6.0,7.0,3.0,10.0,4.0,5.0,6.0,0.22,-0.2,1.28,0.06,16,16
1622,4,4.0,4.0,4.0,5.0,7.0,5.0,7.0,4.0,9.0,5.0,6.0,5.0,0.25,-0.05,1.15,0.07,16,16
1637,0,6.0,5.0,6.0,6.0,6.0,7.0,8.0,6.0,8.0,4.0,4.0,7.0,0.5,0.45,1.25,0.15,16,16
1637,1,5.0,5.0,6.0,6.0,5.0,7.0,9.0,6.0,8.0,4.0,3.0,6.0,0.52,0.55,1.15,0.12,16,16
1637,2,6.0,4.0,5.0,5.0,6.0,6.0,9.0,5.0,9.0,3.0,4.0,7.0,0.45,0.35,1.3,0.1,16,16
1637,3,6.0,5.0,6.0,6.0,7.0,7.0,8.0,6.0,8.0,4.0,4.0,7.0,0.48,0.5,1.2,0.14,16,16
1637,4,7.0,5.0,7.0,7.0,6.0,6.0,8.0,7.0,8.0,5.0,3.0,6.0,0.55,0.6,1.35,0.18,16,16
1645,0,6.0,6.0,6.0,6.0,7.0,7.0,8.0,6.0,8.0,4.0,4.0,7.0,0.58,0.65,1.2,0.12,16,16
1645,1,7.0,6.0,6.0,7.0,6.0,6.0,9.0,7.0,8.0,5.0,4.0,8.0,0.55,0.52,1.1,0.13,16,16
1645,2,6.0,7.0,5.0,6.0,7.0,7.0,9.0,6.0,9.0,4.0,3.0,7.0,0.53,0.48,1.15,0.08,16,16
1645,3,7.0,7.0,6.0,7.0,6.0,7.0,8.0,7.0,8.0,5.0,4.0,8.0,0.6,0.7,1.25,0.1,16,16
1645,4,6.0,6.0,7.0,6.0,6.0,6.0,8.0,6.0,9.0,4.0,3.0,7.0,0.52,0.55,1.3,0.15,16,16
1702,0,5.0,5.0,5.0,5.0,7.0,7.0,7.0,6.0,8.0,5.0,5.0,6.0,0.48,0.35,1.25,0.12,16,16
1702,1,6.0,6.0,5.0,6.0,6.0,7.0,6.0,6.0,8.0,5.0,4.0,7.0,0.52,0.45,1.15,0.15,16,16
1702,2,5.0,5.0,4.0,5.0,7.0,6.0,7.0,5.0,9.0,6.0,5.0,6.0,0.45,0.3,1.3,0.1,16,16
1702,3,6.0,5.0,5.0,6.0,7.0,8.0,6.0,5.0,8.0,6.0,4.0,7.0,0.42,0.25,1.35,0.08,16,16
1702,4,6.0,6.0,5.0,6.0,6.0,7.0,7.0,6.0,8.0,6.0,5.0,6.0,0.5,0.48,1.2,0.15,16,16
1718,0,5.0,4.0,6.0,5.0,8.0,7.0,9.0,5.0,9.0,3.0,3.0,7.0,0.48,0.35,1.35,0.15,16,16
1718,1,5.0,5.0,6.0,5.0,7.0,8.0,9.0,5.0,9.0,3.0,3.0,6.0,0.42,0.25,1.25,0.12,16,16
1718,2,6.0,5.0,6.0,6.0,8.0,7.0,8.0,6.0,9.0,4.0,3.0,7.0,0.5,0.45,1.4,0.1,16,16
1718,3,5.0,4.0,5.0,5.0,8.0,7.0,9.0,5.0,8.0,3.0,2.0,7.0,0.45,0.3,1.3,0.13,16,16
1718,4,6.0,5.0,6.0,6.0,9.0,8.0,9.0,5.0,9.0,3.0,3.0,8.0,0.52,0.5,1.45,0.08,16,16
1728,0,5.0,5.0,4.0,5.0,7.0,8.0,9.0,5.0,9.0,3.0,4.0,7.0,0.22,-0.1,1.45,0.05,16,16
1728,1,5.0,6.0,4.0,6.0,8.0,8.0,9.0,6.0,9.0,3.0,5.0,7.0,0.25,0.05,1.5,0.03,16,16
1728,2,5.0,5.0,4.0,5.0,7.0,7.0,10.0,5.0,10.0,2.0,4.0,8.0,0.2,-0.15,1.4,0.02,16,16
1728,3,5.0,5.0,4.0,6.0,7.0,8.0,9.0,6.0,9.0,3.0,4.0,7.0,0.19,-0.2,1.55,0.04,16,16
1728,4,6.0,5.0,4.0,5.0,8.0,8.0,9.0,5.0,9.0,3.0,4.0,7.0,0.24,0.02,1.35,0.04,16,16
1767,0,2.0,1.0,3.0,3.0,5.0,7.0,7.0,2.0,9.0,4.0,4.0,7.0,0.15,-0.7,1.35,0.05,16,16
1767,1,2.0,1.0,3.0,3.0,4.0,7.0,6.0,2.0,10.0,5.0,5.0,8.0,0.13,-0.8,1.25,0.03,16,16
1767,2,2.0,1.0,4.0,3.0,5.0,6.0,7.0,3.0,9.0,4.0,5.0,7.0,0.16,-0.65,1.4,0.04,16,16
1767,3,2.0,1.0,3.0,2.0,4.0,7.0,7.0,2.0,10.0,3.0,4.0,8.0,0.18,-0.55,1.2,0.06,16,16
1767,4,2.0,1.0,4.0,3.0,5.0,6.0,6.0,3.0,9.0,5.0,5.0,7.0,0.14,-0.75,1.3,0.05,16,16
1801,0,6.0,6.0,6.0,6.0,7.0,7.0,8.0,7.0,8.0,5.0,4.0,7.0,0.58,0.72,1.15,0.15,16,16
1801,1,7.0,5.0,7.0,7.0,6.0,6.0,9.0,6.0,7.0,6.0,3.0,8.0,0.53,0.55,1.3,0.12,16,16
1801,2,6.0,5.0,6.0,6.0,7.0,7.0,9.0,7.0,8.0,5.0,4.0,7.0,0.55,0.65,1.25,0.1,16,16
1801,3,6.0,6.0,6.0,6.0,8.0,6.0,8.0,6.0,8.0,5.0,4.0,7.0,0.5,0.48,1.2,0.18,16,16
1801,4,7.0,5.0,7.0,7.0,7.0,7.0,8.0,7.0,7.0,6.0,3.0,8.0,0.62,0.85,1.1,0.14,16,16
1844,0,5.0,4.0,5.0,6.0,7.0,7.0,7.0,5.0,9.0,4.0,4.0,6.0,0.5,0.45,1.3,0.15,16,16
1844,1,5.0,3.0,5.0,5.0,8.0,8.0,6.0,4.0,9.0,4.0,4.0,7.0,0.45,0.35,1.4,0.12,16,16
1844,2,6.0,4.0,5.0,6.0,8.0,7.0,6.0,5.0,8.0,5.0,3.0,7.0,0.52,0.5,1.25,0.1,16,16
1844,3,5.0,3.0,6.0,6.0,7.0,7.0,5.0,4.0,8.0,5.0,3.0,6.0,0.48,0.4,1.35,0.18,16,16
1844,4,6.0,3.0,6.0,6.0,7.0,8.0,5.0,5.0,9.0,5.0,3.0,5.0,0.55,0.55,1.2,0.2,16,16
1866,0,3.0,3.0,2.0,3.0,7.0,8.0,9.0,4.0,9.0,2.0,2.0,7.0,0.22,-0.15,1.45,0.05,16,16
1866,1,2.0,3.0,2.0,3.0,8.0,7.0,10.0,3.0,10.0,2.0,2.0,6.0,0.18,-0.3,1.55,0.03,16,16
1866,2,3.0,3.0,2.0,3.0,8.0,8.0,9.0,4.0,10.0,3.0,2.0,7.0,0.25,-0.05,1.35,0.08,16,16
1866,3,2.0,2.0,2.0,3.0,7.0,7.0,10.0,3.0,10.0,2.0,1.0,7.0,0.17,-0.35,1.5,0.02,16,16
1866,4,3.0,3.0,2.0,4.0,7.0,8.0,9.0,4.0,9.0,2.0,2.0,6.0,0.2,-0.2,1.4,0.05,16,16
